,대분류,중분류,소분류,그램당당류,1회제공량,용량단위,단위
0,과자,기성품,감귤과자,0.21,40.0,g,개
1,과자,기성품,고구마과자,0.2,80.0,g,개
2,과자,기성품,기타과자,0.204,90.0,g,개
3,과자,기성품,깨과자,0.222,100.0,g,개
4,과자,기성품,딸기과자,0.266,60.0,g,개
5,과자,기성품,땅콩과자,0.196,70.0,g,개
6,과자,기성품,라즈베리과자,0.321,40.0,g,개
7,과자,기성품,레몬과자,0.377,70.0,g,개
8,과자,기성품,리치과자,0.274,100.0,g,개
9,과자,기성품,마카다미아과자,0.243,90.0,g,개
10,과자,기성품,말차과자,0.29,50.0,g,개
11,과자,기성품,망고과자,0.224,50.0,g,개
12,과자,기성품,밀과자,0.207,70.0,g,개
13,과자,기성품,바나나과자,0.22,60.0,g,개
14,과자,기성품,보리과자,0.29,140.0,g,개
15,과자,기성품,복숭아과자,0.14,120.0,g,개
16,과자,기성품,블루베리과자,0.206,50.0,g,개
17,과자,기성품,사과과자,0.246,60.0,g,개
18,과자,기성품,아몬드과자,0.244,70.0,g,개
19,과자,기성품,야채크래커,0.104,100.0,g,개
20,과자,기성품,오곡과자,0.16,80.0,g,개
21,과자,기성품,오렌지과자,0.243,80.0,g,개
22,과자,기성품,옥수수과자,0.133,80.0,g,개
23,과자,기성품,올리브과자,0.106,90.0,g,개
24,과자,기성품,유자과자,0.283,70.0,g,개
25,과자,기성품,잣과자,0.146,40.0,g,개
26,과자,기성품,초코과자,0.294,80.0,g,개
27,과자,기성품,치즈과자,0.138,70.0,g,개
28,과자,기성품,카라멜과자,0.26,70.0,g,개
29,과자,기성품,코코넛과자,0.241,90.0,g,개
30,과자,기성품,콩과자,0.169,80.0,g,개
31,과자,기성품,크랜베리과자,0.28,100.0,g,개
32,과자,기성품,파이,0.195,80.0,g,개
33,과자,기성품,한라봉과자,0.23,70.0,g,개
34,과자,기성품,헤이즐넛과자,0.372,80.0,g,개
35,과자,기성품,호두과자,0.241,70.0,g,개
36,과자,기성품,호박과자,0.174,60.0,g,개
37,과자,기성품,홍차과자,0.227,40.0,g,개
38,과자,기성품,흑미과자,0.16,50.0,g,개
39,과자,발효유,버터쿠키,0.02,100.0,g,개
40,과자,발효유,비스킷,0.43,100.0,g,개
41,과자,발효유,치즈과자,0.188,50.0,g,개
42,과자,시리얼,견과시리얼,0.24,30.0,g,그릇
43,과자,시리얼,곡물시리얼,0.281,30.0,g,그릇
44,과자,시리얼,과일시리얼,0.4,30.0,g,그릇
45,과자,시리얼,그래놀라,0.237,30.0,g,그릇
46,과자,시리얼,기타시리얼,0.246,30.0,g,그릇
47,과자,시리얼,초콜릿시리얼,0.353,30.0,g,그릇
48,과자,시리얼,콘플레이크,0.218,30.0,g,그릇
49,과자,시리얼,쿠키시리얼,0.4,30.0,g,그릇
50,과자,전통과자,건빵,0.176,110.0,g,개
51,과자,전통과자,쌀과자,0.178,70.0,g,개
52,과자,전통과자,약과,0.181,190.0,g,개
53,과자,전통과자,월병,0.275,120.0,g,개
54,과자,전통과자,전병,0.369,90.0,g,개
55,과자,쿠키,견과쿠키,0.226,70.0,g,개
56,과자,쿠키,곡물쿠키,0.22,70.0,g,개
57,과자,쿠키,기타과일쿠키,0.229,60.0,g,개
58,과자,쿠키,녹차쿠키,0.242,80.0,g,개
59,과자,쿠키,땅콩쿠키,0.241,90.0,g,개
60,과자,쿠키,레몬쿠키,0.211,90.0,g,개
61,과자,쿠키,머랭쿠키,0.569,40.0,g,개
62,과자,쿠키,버터쿠키,0.285,110.0,g,개
63,과자,쿠키,블루베리쿠키,0.252,60.0,g,개
64,과자,쿠키,비스킷,0.239,100.0,g,개
65,과자,쿠키,사과쿠키,0.294,80.0,g,개
66,과자,쿠키,야채쿠키,0.212,60.0,g,개
67,과자,쿠키,오레오쿠키,0.398,70.0,g,개
68,과자,쿠키,옥수수쿠키,0.248,60.0,g,개
69,과자,쿠키,초콜릿쿠키,0.276,70.0,g,개
70,과자,쿠키,치즈쿠키,0.191,70.0,g,개
71,과자,쿠키,카라멜쿠키,0.294,90.0,g,개
72,과자,쿠키,코코넛쿠키,0.215,70.0,g,개
73,과자,쿠키,통밀쿠키,0.261,80.0,g,개
74,과자,쿠키,한라봉쿠키,0.21,60.0,g,개
75,과자,쿠키,홍차쿠키,0.107,50.0,g,개
76,과자,쿠키,후추쿠키,0.3,10.0,g,개
77,과자,팝콘,갈릭팝콘,0.104,60.0,g,봉지
78,과자,팝콘,과일팝콘,0.328,50.0,g,봉지
79,과자,팝콘,버터팝콘,0.312,60.0,g,봉지
80,과자,팝콘,솔트팝콘,0.267,200.0,g,봉지
81,과자,팝콘,어니언팝콘,0.194,80.0,g,봉지
82,과자,팝콘,인절미팝콘,0.183,120.0,g,봉지
83,과자,팝콘,초콜릿팝콘,0.41,40.0,g,봉지
84,과자,팝콘,치즈팝콘,0.26,60.0,g,봉지
85,과자,팝콘,카라멜팝콘,0.349,100.0,g,봉지
86,과자,팝콘,콘소메팝콘,0.036,110.0,g,봉지
87,떡·견과류,견과류,견과파우더,0.091,100.0,g,개
88,떡·견과류,견과류,땅콩,0.237,90.0,g,개
89,떡·견과류,견과류,마카다미아,0.048,100.0,g,개
90,떡·견과류,견과류,밤,0.104,100.0,g,개
91,떡·견과류,견과류,아몬드,0.388,100.0,g,개
92,떡·견과류,견과류,피스타치오,0.064,100.0,g,개
93,떡·견과류,견과류,호두,0.112,80.0,g,개
94,떡·견과류,떡,기타떡,0.098,210.0,g,개
95,떡·견과류,떡,찹쌀떡,0.208,80.0,g,개
96,떡·견과류,떡,치즈떡,0.057,520.0,g,개
97,베이커리,간식빵,감자빵,0.057,50.0,g,개
98,베이커리,간식빵,경주빵,0.479,50.0,g,개
99,베이커리,간식빵,고구마빵,0.129,50.0,g,개
100,베이커리,간식빵,고로케,0.058,50.0,g,개
101,베이커리,간식빵,깨찰빵,0.08,50.0,g,개
102,베이커리,간식빵,꽈배기,0.138,50.0,g,개
103,베이커리,간식빵,도넛,0.188,50.0,g,개
104,베이커리,간식빵,롤,0.159,50.0,g,개
105,베이커리,간식빵,만쥬,0.283,50.0,g,개
106,베이커리,간식빵,맘모스,0.22,50.0,g,개
107,베이커리,간식빵,매화빵,0.443,50.0,g,개
108,베이커리,간식빵,메론빵,0.205,50.0,g,개
109,베이커리,간식빵,모카빵,0.119,50.0,g,개
110,베이커리,간식빵,밀빵,0.148,50.0,g,개
111,베이커리,간식빵,밤빵,0.211,50.0,g,개
112,베이커리,간식빵,번,0.097,50.0,g,개
113,베이커리,간식빵,볼,0.156,50.0,g,개
114,베이커리,간식빵,붕어빵,0.19,50.0,g,개
115,베이커리,간식빵,브리오슈,0.134,50.0,g,개
116,베이커리,간식빵,샌드,0.128,50.0,g,개
117,베이커리,간식빵,소라빵,0.175,50.0,g,개
118,베이커리,간식빵,소보루,0.177,50.0,g,개
119,베이커리,간식빵,소시지빵,0.078,50.0,g,개
120,베이커리,간식빵,슈,0.109,50.0,g,개
121,베이커리,간식빵,스콘,0.139,50.0,g,개
122,베이커리,간식빵,쌀빵,0.103,50.0,g,개
123,베이커리,간식빵,앙금빵,0.174,50.0,g,개
124,베이커리,간식빵,에그데니쉬,0.103,50.0,g,개
125,베이커리,간식빵,옥수수빵,0.162,50.0,g,개
126,베이커리,간식빵,유자빵,0.224,50.0,g,개
127,베이커리,간식빵,찐빵,0.126,50.0,g,개
128,베이커리,간식빵,찰떡빵,0.157,50.0,g,개
129,베이커리,간식빵,찰보리빵,0.175,50.0,g,개
130,베이커리,간식빵,치즈빵,0.106,50.0,g,개
131,베이커리,간식빵,카스타드,0.193,50.0,g,개
132,베이커리,간식빵,카스테라,0.295,50.0,g,개
133,베이커리,간식빵,커피빵,0.228,50.0,g,개
134,베이커리,간식빵,크레이,0.21,50.0,g,개
135,베이커리,간식빵,크레페,0.308,50.0,g,개
136,베이커리,간식빵,크루와상,0.099,50.0,g,개
137,베이커리,간식빵,크림빵,0.159,50.0,g,개
138,베이커리,간식빵,타르트,0.173,50.0,g,개
139,베이커리,간식빵,트위스트,0.168,50.0,g,개
140,베이커리,간식빵,파니니,0.042,50.0,g,개
141,베이커리,간식빵,팥빵,0.169,50.0,g,개
142,베이커리,간식빵,페스츄리,0.087,50.0,g,개
143,베이커리,간식빵,프레즐,0.077,50.0,g,개
144,베이커리,간식빵,피자빵,0.061,50.0,g,개
145,베이커리,간식빵,호빵,0.144,50.0,g,개
146,베이커리,간식빵,효모빵,0.068,50.0,g,개
147,베이커리,디저트,까눌레,0.259,50.0,g,개
148,베이커리,디저트,다쿠아즈,0.353,50.0,g,개
149,베이커리,디저트,마들렌,0.263,50.0,g,개
150,베이커리,디저트,마쉬멜로우,0.67,50.0,g,개
151,베이커리,디저트,마카롱,0.377,50.0,g,개
152,베이커리,디저트,머핀,0.223,50.0,g,개
153,베이커리,디저트,모나카,0.393,50.0,g,개
154,베이커리,디저트,무스,0.201,50.0,g,개
155,베이커리,디저트,브라우니,0.292,50.0,g,개
156,베이커리,디저트,빨미까레,0.18,50.0,g,개
157,베이커리,디저트,쇼콜라,0.2,50.0,g,개
158,베이커리,디저트,수플레,0.148,50.0,g,개
159,베이커리,디저트,앙버터,0.127,50.0,g,개
160,베이커리,디저트,와플,0.194,50.0,g,개
161,베이커리,디저트,크럼블,0.159,50.0,g,개
162,베이커리,디저트,크로플,0.112,50.0,g,개
163,베이커리,디저트,티라미수,0.183,50.0,g,개
164,베이커리,디저트,파이,0.17,50.0,g,개
165,베이커리,디저트,팬케이크,0.229,50.0,g,개
166,베이커리,디저트,허니브레드,0.078,50.0,g,개
167,베이커리,디저트,호떡,0.186,50.0,g,개
168,베이커리,디저트,휘낭시에,0.318,50.0,g,개
169,베이커리,샌드위치,샌드위치,0.057,170.0,g,개
170,베이커리,식사빵,난,0.113,90.0,g,개
171,베이커리,식사빵,또띠아,0.033,120.0,g,개
172,베이커리,식사빵,모닝빵,0.078,90.0,g,개
173,베이커리,식사빵,바게트,0.076,150.0,g,개
174,베이커리,식사빵,베이글,0.076,110.0,g,개
175,베이커리,식사빵,스틱,0.267,90.0,g,개
176,베이커리,식사빵,식빵,0.076,130.0,g,개
177,베이커리,식사빵,토스트,0.088,120.0,g,개
178,베이커리,식사빵,포카챠,0.03,140.0,g,개
179,베이커리,케이크,고구마케이크,0.154,150.0,g,조각
180,베이커리,케이크,기타과일케이크,0.264,150.0,g,조각
181,베이커리,케이크,녹차케이크,0.18,180.0,g,조각
182,베이커리,케이크,당근케이크,0.184,150.0,g,조각
183,베이커리,케이크,딸기케이크,0.222,130.0,g,조각
184,베이커리,케이크,레드벨벳케이크,0.16,90.0,g,조각
185,베이커리,케이크,레몬케이크,0.262,140.0,g,조각
186,베이커리,케이크,롤케이크,0.265,110.0,g,조각
187,베이커리,케이크,밀크케이크,0.226,140.0,g,조각
188,베이커리,케이크,바움쿠헨,0.271,80.0,g,조각
189,베이커리,케이크,블루베리케이크,0.204,150.0,g,조각
190,베이커리,케이크,생크림케이크,0.209,280.0,g,조각
191,베이커리,케이크,쉬폰케이크,0.202,210.0,g,조각
192,베이커리,케이크,쌀케이크,0.213,90.0,g,조각
193,베이커리,케이크,오렌지케이크,0.263,230.0,g,조각
194,베이커리,케이크,초콜릿케이크,0.259,140.0,g,조각
195,베이커리,케이크,치즈케이크,0.207,130.0,g,조각
196,베이커리,케이크,크레이프케이크,0.143,190.0,g,조각
197,베이커리,케이크,파운드케이크,0.232,120.0,g,조각
198,아이스크림,빙과,감귤아이스크림,0.218,90.0,g,개
199,아이스크림,빙과,견과류아이스크림,0.177,120.0,g,개
200,아이스크림,빙과,고구마아이스크림,0.146,130.0,g,개
201,아이스크림,빙과,곡물아이스크림,0.179,130.0,g,개
202,아이스크림,빙과,기타과일아이스크림,0.185,110.0,g,개
203,아이스크림,빙과,기타아이스크림류,0.18,110.0,g,개
204,아이스크림,빙과,기타야채아이스크림,0.132,110.0,g,개
205,아이스크림,빙과,녹차아이스크림,0.167,100.0,g,개
206,아이스크림,빙과,딸기아이스크림,0.197,100.0,g,개
207,아이스크림,빙과,레몬아이스크림,0.195,120.0,g,개
208,아이스크림,빙과,망고아이스크림,0.214,130.0,g,개
209,아이스크림,빙과,멜론아이스크림,0.193,90.0,g,개
210,아이스크림,빙과,바닐라아이스크림,0.149,160.0,g,개
211,아이스크림,빙과,복숭아아이스크림,0.192,110.0,g,개
212,아이스크림,빙과,블루베리아이스크림,0.196,120.0,g,개
213,아이스크림,빙과,소다아이스크림,0.147,100.0,g,개
214,아이스크림,빙과,수박아이스크림,0.16,130.0,g,개
215,아이스크림,빙과,오렌지아이스크림,0.202,90.0,g,개
216,아이스크림,빙과,옥수수아이스크림,0.152,140.0,g,개
217,아이스크림,빙과,요거트아이스크림,0.175,120.0,g,개
218,아이스크림,빙과,우유아이스크림,0.157,120.0,g,개
219,아이스크림,빙과,인절미아이스크림,0.163,140.0,g,개
220,아이스크림,빙과,초콜릿아이스크림,0.178,110.0,g,개
221,아이스크림,빙과,치즈아이스크림,0.174,120.0,g,개
222,아이스크림,빙과,카라멜아이스크림,0.168,110.0,g,개
223,아이스크림,빙과,커피아이스크림,0.155,110.0,g,개
224,아이스크림,빙과,쿠앤크아이스크림,0.187,130.0,g,개
225,아이스크림,빙과,티라미수아이스크림,0.176,120.0,g,개
226,아이스크림,빙과,포도아이스크림,0.17,110.0,g,개
227,아이스크림,빙과,흑임자아이스크림,0.104,110.0,g,개
228,아이스크림,빙수,곡물빙수,0.121,410.0,g,그릇
229,아이스크림,빙수,기타과일빙수,0.138,610.0,g,그릇
230,아이스크림,빙수,녹차빙수,0.138,660.0,g,그릇
231,아이스크림,빙수,눈꽃빙수,0.148,620.0,g,그릇
232,아이스크림,빙수,딸기빙수,0.121,470.0,g,그릇
233,아이스크림,빙수,망고빙수,0.151,590.0,g,그릇
234,아이스크림,빙수,블루베리빙수,0.112,800.0,g,그릇
235,아이스크림,빙수,요거트빙수,0.141,550.0,g,그릇
236,아이스크림,빙수,우유빙수,0.167,490.0,g,그릇
237,아이스크림,빙수,초콜릿빙수,0.128,570.0,g,그릇
238,아이스크림,빙수,커피빙수,0.087,550.0,g,그릇
239,아이스크림,빙수,쿠앤크빙수,0.158,660.0,g,그릇
240,아이스크림,빙수,팥빙수,0.13,500.0,g,그릇
241,아이스크림,샤베트,고구마샤베트,0.191,80.0,g,개
242,아이스크림,샤베트,곡물샤베트,0.217,120.0,g,개
243,아이스크림,샤베트,기타과일샤베트,0.191,100.0,g,개
244,아이스크림,샤베트,기타샤베트류,0.17,110.0,g,개
245,아이스크림,샤베트,녹차샤베트,0.105,140.0,g,개
246,아이스크림,샤베트,딸기샤베트,0.151,100.0,g,개
247,아이스크림,샤베트,레몬샤베트,0.232,80.0,g,개
248,아이스크림,샤베트,망고샤베트,0.168,120.0,g,개
249,아이스크림,샤베트,바닐라샤베트,0.12,110.0,g,개
250,아이스크림,샤베트,블루베리샤베트,0.175,120.0,g,개
251,아이스크림,샤베트,오렌지샤베트,0.277,60.0,g,개
252,아이스크림,샤베트,요거트샤베트,0.183,120.0,g,개
253,아이스크림,샤베트,우유샤베트,0.138,210.0,g,개
254,아이스크림,샤베트,초콜릿샤베트,0.172,110.0,g,개
255,아이스크림,샤베트,카라멜샤베트,0.156,100.0,g,개
256,아이스크림,샤베트,커피샤베트,0.156,90.0,g,개
257,유가공품,식물성음료,두유,0.04,190.0,ml,잔
258,유가공품,식물성음료,아몬드우유,0.058,170.0,ml,잔
259,유가공품,식물성음료,오트우유,0.103,130.0,ml,잔
260,유가공품,우유,견과우유,0.112,200.0,ml,잔
261,유가공품,우유,고구마우유,0.093,240.0,ml,잔
262,유가공품,우유,곡물우유,0.087,200.0,ml,잔
263,유가공품,우유,기타과일우유,0.101,180.0,ml,잔
264,유가공품,우유,녹차우유,0.102,230.0,ml,잔
265,유가공품,우유,단호박우유,0.102,250.0,ml,잔
266,유가공품,우유,달고나우유,0.121,320.0,ml,잔
267,유가공품,우유,딸기우유,0.103,200.0,ml,잔
268,유가공품,우유,멜론우유,0.1,190.0,ml,잔
269,유가공품,우유,무지방우유,0.047,180.0,ml,잔
270,유가공품,우유,밀크티,0.103,210.0,ml,잔
271,유가공품,우유,바나나우유,0.101,190.0,ml,잔
272,유가공품,우유,바닐라우유,0.104,240.0,ml,잔
273,유가공품,우유,쌀우유,0.065,150.0,ml,잔
274,유가공품,우유,쑥우유,0.098,230.0,ml,잔
275,유가공품,우유,인절미우유,0.12,250.0,ml,잔
276,유가공품,우유,저지방우유,0.047,160.0,ml,잔
277,유가공품,우유,초콜릿우유,0.111,210.0,ml,잔
278,유가공품,우유,커피우유,0.09,220.0,ml,잔
279,유가공품,우유,홍삼우유,0.059,200.0,ml,잔
280,유가공품,우유,흰우유,0.052,160.0,ml,잔
281,유가공품,유제품,요거트,0.093,120.0,ml,개
282,유가공품,유제품,요구르트,0.088,130.0,ml,개
283,유가공품,유제품,유산균음료,0.087,130.0,ml,개
284,음료,과·채음료,감귤주스,0.1,200.0,ml,잔
285,음료,과·채음료,과·채음료,0.138,200.0,ml,잔
286,음료,과·채음료,과·채주스,0.038,200.0,ml,잔
287,음료,과·채음료,기타 음료류,0.096,200.0,ml,잔
288,음료,과·채음료,깔라만시주스,0.067,200.0,ml,잔
289,음료,과·채음료,노니주스,0.058,200.0,ml,잔
290,음료,과·채음료,녹즙,0.056,200.0,ml,잔
291,음료,과·채음료,당근주스,0.066,200.0,ml,잔
292,음료,과·채음료,도라지주스,0.207,200.0,ml,잔
293,음료,과·채음료,딸기주스,0.107,200.0,ml,잔
294,음료,과·채음료,레몬주스,0.13,200.0,ml,잔
295,음료,과·채음료,리치주스,0.1,200.0,ml,잔
296,음료,과·채음료,망고주스,0.122,200.0,ml,잔
297,음료,과·채음료,매실주스,0.161,200.0,ml,잔
298,음료,과·채음료,무화과주스,0.065,200.0,ml,잔
299,음료,과·채음료,바나나주스,0.114,200.0,ml,잔
300,음료,과·채음료,바질주스,0.131,200.0,ml,잔
301,음료,과·채음료,배주스,0.088,200.0,ml,잔
302,음료,과·채음료,복숭아주스,0.155,200.0,ml,잔
303,음료,과·채음료,블루베리주스,0.147,200.0,ml,잔
304,음료,과·채음료,비트주스,0.092,200.0,ml,잔
305,음료,과·채음료,사과주스,0.106,200.0,ml,잔
306,음료,과·채음료,살구주스,0.129,200.0,ml,잔
307,음료,과·채음료,석류주스,0.157,200.0,ml,잔
308,음료,과·채음료,수박주스,0.109,200.0,ml,잔
309,음료,과·채음료,시금치주스,0.081,200.0,ml,잔
310,음료,과·채음료,쑥주스,0.231,200.0,ml,잔
311,음료,과·채음료,아로니아주스,0.136,200.0,ml,잔
312,음료,과·채음료,알로에주스,0.086,200.0,ml,잔
313,음료,과·채음료,야채주스,0.093,200.0,ml,잔
314,음료,과·채음료,양파주스,0.055,200.0,ml,잔
315,음료,과·채음료,오렌지주스,0.096,200.0,ml,잔
316,음료,과·채음료,오미자주스,0.261,200.0,ml,잔
317,음료,과·채음료,유자주스,0.197,200.0,ml,잔
318,음료,과·채음료,자두주스,0.083,200.0,ml,잔
319,음료,과·채음료,자몽주스,0.103,200.0,ml,잔
320,음료,과·채음료,청포도주스,0.101,200.0,ml,잔
321,음료,과·채음료,체리주스,0.149,200.0,ml,잔
322,음료,과·채음료,카프리썬,0.075,200.0,ml,잔
323,음료,과·채음료,코코넛주스,0.061,200.0,ml,잔
324,음료,과·채음료,크랜베리주스,0.153,200.0,ml,잔
325,음료,과·채음료,키위주스,0.131,200.0,ml,잔
326,음료,과·채음료,토마토주스,0.071,200.0,ml,잔
327,음료,과·채음료,포도주스,0.123,200.0,ml,잔
328,음료,과·채음료,프룬주스,0.112,200.0,ml,잔
329,음료,과·채음료,호박주스,0.078,200.0,ml,잔
330,음료,과·채음료,혼합음료,0.107,200.0,ml,잔
331,음료,과·채음료,홍시주스,0.133,200.0,ml,잔
332,음료,기타,어린이음료,0.073,200.0,ml,개
333,음료,기타,이온음료,0.06,200.0,ml,개
334,음료,기타,프로틴음료,0.055,200.0,ml,개
335,음료,기타,홍삼·인삼음료,0.117,200.0,ml,개
336,음료,발효음료,갈근음료,0.055,200.0,ml,잔
337,음료,발효음료,노니음료,0.066,200.0,ml,잔
338,음료,발효음료,단호박음료,0.101,200.0,ml,잔
339,음료,발효음료,당근음료,0.06,200.0,ml,잔
340,음료,발효음료,대추음료,0.124,200.0,ml,잔
341,음료,발효음료,도라지음료,0.132,200.0,ml,잔
342,음료,발효음료,라임음료,0.085,200.0,ml,잔
343,음료,발효음료,매실음료,0.486,200.0,ml,잔
344,음료,발효음료,민들레음료,0.122,200.0,ml,잔
345,음료,발효음료,바나나음료,0.104,200.0,ml,잔
346,음료,발효음료,배음료,0.099,200.0,ml,잔
347,음료,발효음료,베리음료,0.182,200.0,ml,잔
348,음료,발효음료,보리음료,0.088,200.0,ml,잔
349,음료,발효음료,복분자음료,0.157,200.0,ml,잔
350,음료,발효음료,부추음료,0.196,200.0,ml,잔
351,음료,발효음료,사과음료,0.094,200.0,ml,잔
352,음료,발효음료,산수유음료,0.056,200.0,ml,잔
353,음료,발효음료,생강음료,0.102,200.0,ml,잔
354,음료,발효음료,석류음료,0.229,200.0,ml,잔
355,음료,발효음료,수정과,0.12,200.0,ml,잔
356,음료,발효음료,식혜음료,0.1,200.0,ml,잔
357,음료,발효음료,쑥음료,0.277,200.0,ml,잔
358,음료,발효음료,아로니아음료,0.144,200.0,ml,잔
359,음료,발효음료,야채음료,0.12,200.0,ml,잔
360,음료,발효음료,어성초음료,0.27,200.0,ml,잔
361,음료,발효음료,오디음료,0.129,200.0,ml,잔
362,음료,발효음료,자몽음료,0.077,200.0,ml,잔
363,음료,발효음료,진달래음료,0.333,200.0,ml,잔
364,음료,발효음료,천년초음료,0.082,200.0,ml,잔
365,음료,발효음료,체리음료,0.11,200.0,ml,잔
366,음료,발효음료,칡음료,0.13,200.0,ml,잔
367,음료,발효음료,콩음료,0.073,200.0,ml,잔
368,음료,발효음료,포도음료,0.12,200.0,ml,잔
369,음료,발효음료,함초음료,0.567,200.0,ml,잔
370,음료,발효음료,흑마늘음료,0.057,200.0,ml,잔
371,음료,스무디,고구마스무디,0.118,200.0,ml,잔
372,음료,스무디,깔라만시스무디,0.158,200.0,ml,잔
373,음료,스무디,녹차스무디,0.1,200.0,ml,잔
374,음료,스무디,딸기스무디,0.142,200.0,ml,잔
375,음료,스무디,망고스무디,0.138,200.0,ml,잔
376,음료,스무디,민트스무디,0.14,200.0,ml,잔
377,음료,스무디,바닐라스무디,0.094,200.0,ml,잔
378,음료,스무디,베리스무디,0.133,200.0,ml,잔
379,음료,스무디,복숭아스무디,0.146,200.0,ml,잔
380,음료,스무디,수박스무디,0.37,200.0,ml,잔
381,음료,스무디,쌀스무디,0.093,200.0,ml,잔
382,음료,스무디,아보카도스무디,0.078,200.0,ml,잔
383,음료,스무디,오곡스무디,0.133,200.0,ml,잔
384,음료,스무디,요거트스무디,0.137,200.0,ml,잔
385,음료,스무디,유자스무디,0.165,200.0,ml,잔
386,음료,스무디,자몽스무디,0.144,200.0,ml,잔
387,음료,스무디,자바칩스무디,0.13,200.0,ml,잔
388,음료,스무디,청포도스무디,0.206,200.0,ml,잔
389,음료,스무디,초코스무디,0.093,200.0,ml,잔
390,음료,스무디,치즈스무디,0.119,200.0,ml,잔
391,음료,스무디,카라멜스무디,0.111,200.0,ml,잔
392,음료,스무디,카카오스무디,0.065,200.0,ml,잔
393,음료,스무디,커피스무디,0.078,200.0,ml,잔
394,음료,스무디,쿠앤크스무디,0.124,200.0,ml,잔
395,음료,스무디,키위스무디,0.16,200.0,ml,잔
396,음료,스무디,피넛버터스무디,0.111,200.0,ml,잔
397,음료,스무디,피스타치오스무디,0.025,200.0,ml,잔
398,음료,인삼·홍삼음료,홍삼음료,0.1,200.0,ml,개
399,음료,차,국화차,0.15,200.0,ml,잔
400,음료,차,녹차,0.085,200.0,ml,잔
401,음료,차,대추차,0.095,200.0,ml,잔
402,음료,차,라임차,0.085,200.0,ml,잔
403,음료,차,루이보스차,0.118,200.0,ml,잔
404,음료,차,머스캣차,0.083,200.0,ml,잔
405,음료,차,모과차,0.23,200.0,ml,잔
406,음료,차,복숭아차,0.081,200.0,ml,잔
407,음료,차,분말,0.421,200.0,ml,잔
408,음료,차,산수유차,0.65,200.0,ml,잔
409,음료,차,생강차,0.347,200.0,ml,잔
410,음료,차,자스민차,0.076,200.0,ml,잔
411,음료,차,캐모마일차,0.091,200.0,ml,잔
412,음료,차,콤부차,0.063,200.0,ml,잔
413,음료,차,한라봉차,0.146,200.0,ml,잔
414,음료,차,홍차,0.051,200.0,ml,잔
415,음료,차,히비스커스차,0.164,200.0,ml,잔
416,음료,커피류,모카라떼,0.089,200.0,ml,잔
417,음료,커피류,바닐라라떼,0.065,200.0,ml,잔
418,음료,커피류,아메리카노,0.098,200.0,ml,잔
419,음료,커피류,아인슈페너,0.086,200.0,ml,잔
420,음료,커피류,아포가토,0.116,200.0,ml,잔
421,음료,커피류,연유라떼,0.097,200.0,ml,잔
422,음료,커피류,진저라떼,0.132,200.0,ml,잔
423,음료,커피류,초코라떼,0.064,200.0,ml,잔
424,음료,커피류,카라멜라떼,0.068,200.0,ml,잔
425,음료,커피류,카페라떼,0.041,200.0,ml,잔
426,음료,커피류,카푸치노,0.03,200.0,ml,잔
427,음료,커피류,콜드브루,0.053,200.0,ml,잔
428,음료,탄산음료,감귤에이드,0.081,200.0,ml,잔
429,음료,탄산음료,깔라만시에이드,0.086,200.0,ml,잔
430,음료,탄산음료,라임에이드,0.093,200.0,ml,잔
431,음료,탄산음료,레모네이드,0.096,200.0,ml,잔
432,음료,탄산음료,리치에이드,0.095,200.0,ml,잔
433,음료,탄산음료,망고에이드,0.109,200.0,ml,잔
434,음료,탄산음료,매실에이드,0.111,200.0,ml,잔
435,음료,탄산음료,바나나에이드,0.12,200.0,ml,잔
436,음료,탄산음료,배에이드,0.12,200.0,ml,잔
437,음료,탄산음료,복숭아에이드,0.105,200.0,ml,잔
438,음료,탄산음료,블루베리에이드,0.119,200.0,ml,잔
439,음료,탄산음료,사과에이드,0.105,200.0,ml,잔
440,음료,탄산음료,사이다,0.118,200.0,ml,잔
441,음료,탄산음료,살구에이드,0.106,200.0,ml,잔
442,음료,탄산음료,석류에이드,0.097,200.0,ml,잔
443,음료,탄산음료,수박에이드,0.117,200.0,ml,잔
444,음료,탄산음료,스트로베리에이드,0.107,200.0,ml,잔
445,음료,탄산음료,썬키스트,0.117,200.0,ml,잔
446,음료,탄산음료,오렌지에이드,0.096,200.0,ml,잔
447,음료,탄산음료,오미자에이드,0.091,200.0,ml,잔
448,음료,탄산음료,유자에이드,0.135,200.0,ml,잔
449,음료,탄산음료,자두에이드,0.115,200.0,ml,잔
450,음료,탄산음료,자몽에이드,0.1,200.0,ml,잔
451,음료,탄산음료,청귤에이드,0.109,200.0,ml,잔
452,음료,탄산음료,청포도에이드,0.098,200.0,ml,잔
453,음료,탄산음료,체리에이드,0.11,200.0,ml,잔
454,음료,탄산음료,코코넛에이드,0.123,200.0,ml,잔
455,음료,탄산음료,콜라,0.116,200.0,ml,잔
456,음료,탄산음료,키위에이드,0.088,200.0,ml,잔
457,음료,탄산음료,토닉워터,0.094,200.0,ml,잔
458,음료,탄산음료,트로피컬에이드,0.132,200.0,ml,잔
459,음료,탄산음료,포도에이드,0.113,200.0,ml,잔
460,음료,탄산음료,피나콜라다,0.12,200.0,ml,잔
461,음료,탄산음료,한라봉에이드,0.117,200.0,ml,잔
462,음료,활력음료,깔라만시활력음료,0.071,200.0,ml,잔
463,음료,활력음료,망고활력음료,0.111,200.0,ml,잔
464,음료,활력음료,매실활력음료,0.089,200.0,ml,잔
465,음료,활력음료,바나나활력음료,0.4,200.0,ml,잔
466,음료,활력음료,배활력음료,0.122,200.0,ml,잔
467,음료,활력음료,베리활력음료,0.165,200.0,ml,잔
468,음료,활력음료,복분자활력음료,0.085,200.0,ml,잔
469,음료,활력음료,복숭아활력음료,0.079,200.0,ml,잔
470,음료,활력음료,비타민활력음료,0.13,200.0,ml,잔
471,음료,활력음료,사과활력음료,0.164,200.0,ml,잔
472,음료,활력음료,석류활력음료,0.173,200.0,ml,잔
473,음료,활력음료,쌍화차,0.156,200.0,ml,잔
474,음료,활력음료,아로니아활력음료,0.22,200.0,ml,잔
475,음료,활력음료,오렌지활력음료,0.104,200.0,ml,잔
476,음료,활력음료,유자활력음료,0.092,200.0,ml,잔
477,음료,활력음료,청포도활력음료,0.1,200.0,ml,잔
478,음료,활력음료,체리활력음료,0.183,200.0,ml,잔
479,음료,활력음료,콜라겐활력음료,0.114,200.0,ml,잔
480,음료,활력음료,키위활력음료,0.112,200.0,ml,잔
481,음료,활력음료,토마토활력음료,0.07,200.0,ml,잔
482,음료,활력음료,포도활력음료,0.122,200.0,ml,잔
483,음료,활력음료,푸룬활력음료,0.045,200.0,ml,잔
484,음료,활력음료,헛개활력음료,0.128,200.0,ml,잔
485,초콜릿,다크초콜릿,다크초콜릿(가공),0.362,50.0,g,개
486,초콜릿,다크초콜릿,다크초콜릿(수제),0.362,50.0,g,개
487,초콜릿,밀크초콜릿,밀크초콜릿(가공),0.461,50.0,g,개
488,초콜릿,밀크초콜릿,밀크초콜릿(수제),0.45,50.0,g,개
489,초콜릿,일반,사탕,0.747,50.0,g,개
490,초콜릿,일반,젤리,0.611,50.0,g,개
491,초콜릿,일반,초콜릿(가공),0.4,50.0,g,개
492,초콜릿,일반,초콜릿(소스),0.416,50.0,g,개
493,초콜릿,일반,초콜릿(수제),0.372,50.0,g,개
494,초콜릿,일반,초콜릿(파우더),0.583,50.0,g,개
495,초콜릿,일반,캐러멜,0.54,50.0,g,개
496,초콜릿,화이트초콜릿,화이트초콜릿(가공),0.446,50.0,g,개
497,초콜릿,화이트초콜릿,화이트초콜릿(수제),0.533,50.0,g,개
498,캐러멜·양갱,양갱,견과양갱,0.489,50.0,g,개
499,캐러멜·양갱,양갱,곡류양갱,0.375,50.0,g,개
500,캐러멜·양갱,양갱,과일양갱,0.356,50.0,g,개
501,캐러멜·양갱,양갱,기타양갱,0.577,50.0,g,개
502,캐러멜·양갱,양갱,녹차양갱,0.441,50.0,g,개
503,캐러멜·양갱,양갱,밤양갱,0.34,50.0,g,개
504,캐러멜·양갱,양갱,야채양갱,0.335,50.0,g,개
505,캐러멜·양갱,양갱,연양갱,0.395,50.0,g,개
506,캐러멜·양갱,양갱,초코양갱,0.222,50.0,g,개
507,캐러멜·양갱,양갱,카라멜양갱,0.5,50.0,g,개
508,캐러멜·양갱,양갱,팥양갱,0.402,50.0,g,개
509,캐러멜·양갱,양갱,홍삼양갱,0.355,50.0,g,개
510,캐러멜·양갱,양갱,흑당양갱,0.422,50.0,g,개
511,캐러멜·양갱,캐러멜,견과캐러멜,0.464,50.0,g,개
512,캐러멜·양갱,캐러멜,곡류캐러멜,0.607,50.0,g,개
513,캐러멜·양갱,캐러멜,과일캐러멜,0.513,50.0,g,개
514,캐러멜·양갱,캐러멜,기타캐러멜,0.561,50.0,g,개
515,캐러멜·양갱,캐러멜,녹차캐러멜,0.612,50.0,g,개
516,캐러멜·양갱,캐러멜,밀크캐러멜,0.557,50.0,g,개
517,캐러멜·양갱,캐러멜,솔티드캐러멜,0.438,50.0,g,개
518,캐러멜·양갱,캐러멜,야채캐러멜,0.63,50.0,g,개
519,캐러멜·양갱,캐러멜,초콜릿캐러멜,0.536,50.0,g,개
520,캔디·젤리,젤리,건강젤리,0.299,10.0,g,개
521,캔디·젤리,젤리,견과류젤리,0.28,10.0,g,개
522,캔디·젤리,젤리,곡류젤리,0.341,10.0,g,개
523,캔디·젤리,젤리,과일젤리,0.353,10.0,g,개
524,캔디·젤리,젤리,구미젤리,0.534,10.0,g,개
525,캔디·젤리,젤리,기타젤리,0.534,10.0,g,개
526,캔디·젤리,젤리,야채젤리,0.387,10.0,g,개
527,캔디·젤리,젤리,요거트젤리,0.406,10.0,g,개
528,캔디·젤리,젤리,초콜릿젤리,0.473,10.0,g,개
529,캔디·젤리,젤리,콜라젤리,0.328,10.0,g,개
530,캔디·젤리,젤리,푸딩젤리,0.184,10.0,g,개
531,캔디·젤리,캔디,견과류캔디,0.59,10.0,g,개
532,캔디·젤리,캔디,곡류캔디,0.705,10.0,g,개
533,캔디·젤리,캔디,과일캔디,0.7,10.0,g,개
534,캔디·젤리,캔디,기타캔디,0.744,10.0,g,개
535,캔디·젤리,캔디,녹차·홍차캔디,0.653,10.0,g,개
536,캔디·젤리,캔디,마시멜로,0.677,10.0,g,개
537,캔디·젤리,캔디,박하캔디,0.701,10.0,g,개
538,캔디·젤리,캔디,야채캔디,0.658,10.0,g,개
539,캔디·젤리,캔디,초콜릿캔디,0.538,10.0,g,개
540,캔디·젤리,캔디,커피캔디,0.685,10.0,g,개
541,캔디·젤리,캔디,토피캔디,0.439,10.0,g,개
542,캔디·젤리,캔디,홍삼캔디,0.692,10.0,g,개
